{"cameraMode":{"drawMode":0,"name":"Shaded","section":"Shading Mode"},"sceneLighting":false,"audioPlay":false,"sceneViewState":{"m_AlwaysRefresh":false,"showFog":true,"showSkybox":false,"showFlares":true,"showImageEffects":true,"showParticleSystems":true,"showVisualEffectGraphs":true,"m_FxEnabled":true},"in2DMode":false,"pivot":{"x":1.3268818855285645,"y":2.300168514251709,"z":-1.8070186376571656},"rotation":{"x":0.22200901806354524,"y":-0.21796713769435883,"z":0.05097698047757149,"w":0.9490703344345093},"size":0.4563068151473999,"orthographic":false}