{"cameraMode":{"drawMode":0,"name":"Shaded","section":"Shading Mode"},"sceneLighting":false,"audioPlay":false,"sceneViewState":{"m_AlwaysRefresh":false,"showFog":true,"showSkybox":false,"showFlares":true,"showImageEffects":true,"showParticleSystems":true,"showVisualEffectGraphs":true,"m_FxEnabled":true},"in2DMode":false,"pivot":{"x":-2.936676263809204,"y":0.410220742225647,"z":1.559380054473877},"rotation":{"x":0.019725199788808824,"y":0.9781818389892578,"z":-0.17469440400600434,"w":0.11202310770750046},"size":2.3444864749908449,"orthographic":false}