{"cameraMode":{"drawMode":0,"name":"Shaded","section":"Shading Mode"},"sceneLighting":false,"audioPlay":false,"sceneViewState":{"m_AlwaysRefresh":false,"showFog":true,"showSkybox":false,"showFlares":true,"showImageEffects":true,"showParticleSystems":true,"showVisualEffectGraphs":true,"m_FxEnabled":true},"in2DMode":false,"pivot":{"x":-4.280000686645508,"y":2.8500001430511476,"z":-7.129345417022705},"rotation":{"x":0.24072356522083283,"y":-0.03899538144469261,"z":0.009680449031293393,"w":0.9697666168212891},"size":12.854988098144532,"orthographic":false}