{"cameraMode":{"drawMode":0,"name":"Shaded","section":"Shading Mode"},"sceneLighting":false,"audioPlay":false,"sceneViewState":{"m_AlwaysRefresh":false,"showFog":true,"showSkybox":false,"showFlares":true,"showImageEffects":true,"showParticleSystems":true,"showVisualEffectGraphs":true,"m_FxEnabled":true},"in2DMode":false,"pivot":{"x":-2.1600000858306886,"y":1.7200156450271607,"z":-0.11809833347797394},"rotation":{"x":-0.0156210632994771,"y":-0.9835353493690491,"z":0.1453544944524765,"w":-0.10755900293588638},"size":2.5701253414154054,"orthographic":false}