{"cameraMode":{"drawMode":0,"name":"Shaded","section":"Shading Mode"},"sceneLighting":false,"audioPlay":false,"sceneViewState":{"m_AlwaysRefresh":false,"showFog":true,"showSkybox":false,"showFlares":true,"showImageEffects":true,"showParticleSystems":true,"showVisualEffectGraphs":true,"m_FxEnabled":true},"in2DMode":false,"pivot":{"x":-2.8802847862243654,"y":1.8870599269866944,"z":3.3617191314697267},"rotation":{"x":-0.015409092418849469,"y":-0.961162269115448,"z":0.27037280797958376,"w":-0.05577376112341881},"size":0.7880621552467346,"orthographic":false}